"Block","Index","Field","Ec","Bit","Width"
"MSI_Software","0","T2D0","0x2D","0","1"
"MSI_Software","1","T2D1","0x2D","1","4"
"MSI_Software","2","TDEE","0xEE","0","8"
"MSI_Software","3","T2D5","0x2D","5","3"
"MSI_Software","4","TDE5","0xE5","0","8"
"MSI_Software","5","TDE6","0xE6","0","8"
"MSI_Software","6","TDA0","0xA0","0","8"
"MSI_Software","7","TDA1","0xA1","0","8"
"MSI_Software","8","TDA2","0xA2","0","8"
"MSI_Software","9","TDA3","0xA3","0","8"
"MSI_Software","10","TDA4","0xA4","0","8"
"MSI_Software","11","TDA5","0xA5","0","8"
"MSI_Software","12","TDA6","0xA6","0","8"
"MSI_Software","13","TDA7","0xA7","0","8"
"MSI_Software","14","TDA8","0xA8","0","8"
"MSI_Software","15","TDA9","0xA9","0","8"
"MSI_Software","16","TDAA","0xAA","0","8"
"MSI_Software","17","TDAB","0xAB","0","8"
"MSI_Software","18","TDAC","0xAC","0","8"
"MSI_Software","19","TDAD","0xAD","0","8"
"MSI_Software","20","TDAE","0xAE","0","8"
"MSI_Software","21","TDAF","0xAF","0","8"
"MSI_Software","22","TDB0","0xB0","0","8"
"MSI_Software","23","TDB1","0xB1","0","8"
"MSI_Software","24","TDB2","0xB2","0","8"
"MSI_Software","25","TDB3","0xB3","0","8"
"MSI_Software","26","TDB4","0xB4","0","8"
"MSI_Software","27","TDB5","0xB5","0","8"
"MSI_Software","28","TDB6","0xB6","0","8"
"MSI_Software","29","TDB7","0xB7","0","8"
"MSI_Software","30","TDB8","0xB8","0","8"
"MSI_Software","31","TDB9","0xB9","0","8"
"MSI_Software","32","TDBA","0xBA","0","8"
"MSI_Software","33","TDBB","0xBB","0","8"
"MSI_Device","0","TD2E","0x2E","0","8"
"MSI_Device","1","TD2F","0x2F","0","8"
"MSI_Device","2","TD2B","0x2B","0","8"
"MSI_Device","3","TD2C","0x2C","0","8"
"MSI_Power","0","TD30","0x30","0","8"
"MSI_Power","1","TDBE","0xBC","0","8"
"MSI_Power","2","TDBF","0xBD","0","8"
"MSI_Master_Battery","0","TD31","0x31","0","8"
"MSI_Master_Battery","1","TD38","0x38","0","16"
"MSI_Master_Battery","2","TD3A","0x3A","0","16"
"MSI_Master_Battery","3","TD3C","0x3C","0","16"
"MSI_Master_Battery","4","TD3E","0x3E","0","16"
"MSI_Master_Battery","5","TD40","0x40","0","16"
"MSI_Master_Battery","6","TD42","0x42","0","16"
"MSI_Master_Battery","7","TD44","0x44","0","16"
"MSI_Master_Battery","8","TD46","0x46","0","16"
"MSI_Master_Battery","9","TD48","0x48","0","16"
"MSI_Master_Battery","10","TD4A","0x4A","0","16"
"MSI_Master_Battery","11","TD4C","0x4C","0","16"
"MSI_Master_Battery","12","TDE8","0xE8","0","8"
"MSI_Master_Battery","13","TD35","0x35","0","8"
"MSI_Master_Battery","14","TD36","0x36","0","8"
"MSI_Master_Battery","15","TD4E","0x4E","0","16"
"MSI_Slave_Battery","0","TD32","0x32","0","8"
"MSI_Slave_Battery","1","TD50","0x50","0","16"
"MSI_Slave_Battery","2","TD52","0x52","0","16"
"MSI_Slave_Battery","3","TD54","0x54","0","16"
"MSI_Slave_Battery","4","TD56","0x56","0","16"
"MSI_Slave_Battery","5","TD58","0x58","0","16"
"MSI_Slave_Battery","6","TD5A","0x5A","0","16"
"MSI_Slave_Battery","7","TD5C","0x5C","0","16"
"MSI_Slave_Battery","8","TD5E","0x5E","0","16"
"MSI_Slave_Battery","9","TD60","0x60","0","16"
"MSI_Slave_Battery","10","TD62","0x62","0","16"
"MSI_Slave_Battery","11","TD64","0x64","0","16"
"MSI_Slave_Battery","12","TDE9","0xE9","0","8"
"MSI_Slave_Battery","13","TD66","0x66","0","16"
"MSI_CPU","0","TD33","0x33","0","8"
"MSI_CPU","1","TD68","0x68","0","8"
"MSI_CPU","2","TD71","0x71","0","8"
"MSI_CPU","3","TD70","0x70","0","8"
"MSI_CPU","4","TD69","0x69","0","8"
"MSI_CPU","5","TD6A","0x6A","0","8"
"MSI_CPU","6","TD6B","0x6B","0","8"
"MSI_CPU","7","TD6C","0x6C","0","8"
"MSI_CPU","8","TD6D","0x6D","0","8"
"MSI_CPU","9","TD6E","0x6E","0","8"
"MSI_CPU","10","TD6F","0x6F","0","8"
"MSI_CPU","11","TD72","0x72","0","8"
"MSI_CPU","12","TD73","0x73","0","8"
"MSI_CPU","13","TD74","0x74","0","8"
"MSI_CPU","14","TD75","0x75","0","8"
"MSI_CPU","15","TD76","0x76","0","8"
"MSI_CPU","16","TD77","0x77","0","8"
"MSI_CPU","17","TD78","0x78","0","8"
"MSI_CPU","18","TD79","0x79","0","8"
"MSI_VGA","0","TD33","0x33","0","8"
"MSI_VGA","1","TD80","0x80","0","8"
"MSI_VGA","2","TD89","0x89","0","8"
"MSI_VGA","3","TD88","0x88","0","8"
"MSI_VGA","4","TD81","0x81","0","8"
"MSI_VGA","5","TD82","0x82","0","8"
"MSI_VGA","6","TD83","0x83","0","8"
"MSI_VGA","7","TD84","0x84","0","8"
"MSI_VGA","8","TD85","0x85","0","8"
"MSI_VGA","9","TD86","0x86","0","8"
"MSI_VGA","10","TD87","0x87","0","8"
"MSI_VGA","11","TD8A","0x8A","0","8"
"MSI_VGA","12","TD8B","0x8B","0","8"
"MSI_VGA","13","TD8C","0x8C","0","8"
"MSI_VGA","14","TD8D","0x8D","0","8"
"MSI_VGA","15","TD8E","0x8E","0","8"
"MSI_VGA","16","TD8F","0x8F","0","8"
"MSI_VGA","17","TD90","0x90","0","8"
"MSI_System","0","TE40","0xE4","0","3"
"MSI_System","1","TE43","0xE4","3","5"
"MSI_System","2","TDE7","0xE7","0","8"
"MSI_System","3","TDF0","0xF0","0","8"
"MSI_System","4","TDF1","0xF1","0","8"
"MSI_System","5","TDFE","0xFE","0","8"
"MSI_System","6","TDFF","0xFF","0","8"
"MSI_System","7","TDF2","0xF2","0","8"
"MSI_System","8","TDF3","0xF3","0","8"
"MSI_System","9","TDF4","0xF4","0","8"
"MSI_System","10","TDF5","0xF5","0","8"
"MSI_System","11","TDF6","0xF6","0","8"
"MSI_System","12","TDF7","0xF7","0","8"
"MSI_System","13","TDF8","0xF8","0","8"
"MSI_System","14","TDF9","0xF9","0","8"
"MSI_System","15","TDFA","0xFA","0","8"
"MSI_System","16","TDFB","0xFB","0","8"
"MSI_System","17","TDFC","0xFC","0","8"
"MSI_System","18","TDFD","0xFD","0","8"
"MSI_System","19","TDE0","0xE0","0","8"
"MSI_System","20","TDE3","0xE3","0","8"
"MSI_AP","0","TDCF","0xCF","0","8"
"MSI_AP","1","TDCE","0xCE","0","8"
"MSI_AP","2","TDCD","0xCD","0","8"
"MSI_AP","3","TDCC","0xCC","0","8"
"MSI_AP","4","TDCB","0xCB","0","8"
"MSI_AP","5","TDCA","0xCA","0","8"
"MSI_AP","6","TDC9","0xC9","0","8"
"MSI_AP","7","TDC8","0xC8","0","8"
