"Region","Name","Byte","Bit","Width"
"EC__","SMPR","0x00","0","8"
"EC__","SMST","0x01","0","8"
"EC__","SMAD","0x02","0","8"
"EC__","SMCM","0x03","0","8"
"EC__","SMD0","0x04","0","264"
"EC__","SMAA","0x25","0","8"
"EC__","POWS","0x30","0","1"
"EC__","LSTE","0x30","1","1"
"EC__","KBCS","0x30","2","1"
"EC__","MBTS","0x31","0","1"
"EC__","MBCS","0x31","1","1"
"EC__","MBDS","0x31","2","1"
"EC__","MBFS","0x31","3","1"
"EC__","MBWS","0x31","4","1"
"EC__","MBLS","0x31","5","1"
"EC__","MBCL","0x31","6","1"
"EC__","MBFL","0x31","7","1"
"EC__","HSKS","0x34","0","3"
"EC__","OSTP","0x34","4","4"
"EC__","MDCL","0x38","0","8"
"EC__","MDCH","0x39","0","8"
"EC__","MDVL","0x3A","0","8"
"EC__","MDVH","0x3B","0","8"
"EC__","MCAL","0x3C","0","8"
"EC__","MCAH","0x3D","0","8"
"EC__","MSTL","0x3E","0","8"
"EC__","MSTH","0x3F","0","8"
"EC__","MCCL","0x40","0","8"
"EC__","MCCH","0x41","0","8"
"EC__","MPOL","0x42","0","8"
"EC__","MPOH","0x43","0","8"
"EC__","MFCL","0x44","0","8"
"EC__","MFCH","0x45","0","8"
"EC__","MCUL","0x46","0","8"
"EC__","MCUH","0x47","0","8"
"EC__","MRCL","0x48","0","8"
"EC__","MRCH","0x49","0","8"
"EC__","MVOL","0x4A","0","8"
"EC__","MVOH","0x4B","0","8"
"EC__","MTEL","0x4C","0","8"
"EC__","MTEH","0x4D","0","8"
"EC__","RSV1","0x4E","0","8"
"EC__","RSV2","0x4F","0","8"
"EC__","SDCL","0x50","0","8"
"EC__","SDCH","0x51","0","8"
"EC__","SDVL","0x52","0","8"
"EC__","SDVH","0x53","0","8"
"EC__","SCAL","0x54","0","8"
"EC__","SCAH","0x55","0","8"
"EC__","SSTL","0x56","0","8"
"EC__","SSTH","0x57","0","8"
"EC__","SCCL","0x58","0","8"
"EC__","SCCH","0x59","0","8"
"EC__","SPOL","0x5A","0","8"
"EC__","SPOH","0x5B","0","8"
"EC__","SFCL","0x5C","0","8"
"EC__","SFCH","0x5D","0","8"
"EC__","SCUL","0x5E","0","8"
"EC__","SCUH","0x5F","0","8"
"EC__","SRCL","0x60","0","8"
"EC__","SRCH","0x61","0","8"
"EC__","SVOL","0x62","0","8"
"EC__","SVOH","0x63","0","8"
"EC__","STEL","0x64","0","8"
"EC__","STEH","0x65","0","8"
"EC__","CPUT","0x68","0","8"
"EC__","RES1","0x7E","0","3"
"EC__","CHET","0x7E","3","1"
"EC__","SYST","0x80","0","8"
"EC__","OSC1","0xBC","0","8"
"EC__","OSC2","0xBD","0","8"
"EC__","EC6I","0xBE","0","1"
"EC__","EC6O","0xBE","1","1"
"EC__","FBST","0xBE","2","1"
"EC__","ESGI","0xBE","3","1"
"EC__","ESGO","0xBE","4","1"
"EC__","ESGN","0xBE","5","1"
"EC__","BE06","0xBE","6","1"
"EC__","QDXF","0xBE","7","1"
"EC__","RECY","0xBF","0","1"
"EC__","RSUS","0xBF","1","1"
"EC__","OPTS","0xC5","0","8"
"EC__","ADP_","0xCF","0","1"
"EC__","CHG_","0xCF","2","1"
"EC__","PCMD","0xD0","0","8"
"EC__","PSNM","0xD5","0","8"
"EC__","GPST","0xD6","0","8"
"EC__","BCLR","0xDD","0","8"
"EC__","TURB","0xE4","1","1"
"EC__","DBG_","0xE6","0","8"
"EC__","SCIC","0xED","0","8"
"EC__","BRLV","0xF1","0","8"
"EC__","DCBL","0xFE","0","8"
"EC__","ACBL","0xFF","0","8"
"EC__","TD2B","0x2B","0","8"
"EC__","TD2C","0x2C","0","8"
"EC__","T2D0","0x2D","0","1"
"EC__","T2D1","0x2D","1","4"
"EC__","T2D5","0x2D","5","3"
"EC__","TD2E","0x2E","0","8"
"EC__","TD2F","0x2F","0","8"
"EC__","TD30","0x30","0","8"
"EC__","TD31","0x31","0","8"
"EC__","TD32","0x32","0","8"
"EC__","TD33","0x33","0","8"
"EC__","TD35","0x35","0","8"
"EC__","TD36","0x36","0","8"
"EC__","TD38","0x38","0","16"
"EC__","TD3A","0x3A","0","16"
"EC__","TD3C","0x3C","0","16"
"EC__","TD3E","0x3E","0","16"
"EC__","TD40","0x40","0","16"
"EC__","TD42","0x42","0","16"
"EC__","TD44","0x44","0","16"
"EC__","TD46","0x46","0","16"
"EC__","TD48","0x48","0","16"
"EC__","TD4A","0x4A","0","16"
"EC__","TD4C","0x4C","0","16"
"EC__","TD4E","0x4E","0","16"
"EC__","TD50","0x50","0","16"
"EC__","TD52","0x52","0","16"
"EC__","TD54","0x54","0","16"
"EC__","TD56","0x56","0","16"
"EC__","TD58","0x58","0","16"
"EC__","TD5A","0x5A","0","16"
"EC__","TD5C","0x5C","0","16"
"EC__","TD5E","0x5E","0","16"
"EC__","TD60","0x60","0","16"
"EC__","TD62","0x62","0","16"
"EC__","TD64","0x64","0","16"
"EC__","TD66","0x66","0","16"
"EC__","TD68","0x68","0","8"
"EC__","TD69","0x69","0","8"
"EC__","TD6A","0x6A","0","8"
"EC__","TD6B","0x6B","0","8"
"EC__","TD6C","0x6C","0","8"
"EC__","TD6D","0x6D","0","8"
"EC__","TD6E","0x6E","0","8"
"EC__","TD6F","0x6F","0","8"
"EC__","TD70","0x70","0","8"
"EC__","TD71","0x71","0","8"
"EC__","TD72","0x72","0","8"
"EC__","TD73","0x73","0","8"
"EC__","TD74","0x74","0","8"
"EC__","TD75","0x75","0","8"
"EC__","TD76","0x76","0","8"
"EC__","TD77","0x77","0","8"
"EC__","TD78","0x78","0","8"
"EC__","TD79","0x79","0","8"
"EC__","TD80","0x80","0","8"
"EC__","TD81","0x81","0","8"
"EC__","TD82","0x82","0","8"
"EC__","TD83","0x83","0","8"
"EC__","TD84","0x84","0","8"
"EC__","TD85","0x85","0","8"
"EC__","TD86","0x86","0","8"
"EC__","TD87","0x87","0","8"
"EC__","TD88","0x88","0","8"
"EC__","TD89","0x89","0","8"
"EC__","TD8A","0x8A","0","8"
"EC__","TD8B","0x8B","0","8"
"EC__","TD8C","0x8C","0","8"
"EC__","TD8D","0x8D","0","8"
"EC__","TD8E","0x8E","0","8"
"EC__","TD8F","0x8F","0","8"
"EC__","TD90","0x90","0","8"
"EC__","TDA0","0xA0","0","8"
"EC__","TDA1","0xA1","0","8"
"EC__","TDA2","0xA2","0","8"
"EC__","TDA3","0xA3","0","8"
"EC__","TDA4","0xA4","0","8"
"EC__","TDA5","0xA5","0","8"
"EC__","TDA6","0xA6","0","8"
"EC__","TDA7","0xA7","0","8"
"EC__","TDA8","0xA8","0","8"
"EC__","TDA9","0xA9","0","8"
"EC__","TDAA","0xAA","0","8"
"EC__","TDAB","0xAB","0","8"
"EC__","TDAC","0xAC","0","8"
"EC__","TDAD","0xAD","0","8"
"EC__","TDAE","0xAE","0","8"
"EC__","TDAF","0xAF","0","8"
"EC__","TDB0","0xB0","0","8"
"EC__","TDB1","0xB1","0","8"
"EC__","TDB2","0xB2","0","8"
"EC__","TDB3","0xB3","0","8"
"EC__","TDB4","0xB4","0","8"
"EC__","TDB5","0xB5","0","8"
"EC__","TDB6","0xB6","0","8"
"EC__","TDB7","0xB7","0","8"
"EC__","TDB8","0xB8","0","8"
"EC__","TDB9","0xB9","0","8"
"EC__","TDBA","0xBA","0","8"
"EC__","TDBB","0xBB","0","8"
"EC__","TDBE","0xBC","0","8"
"EC__","TDBF","0xBD","0","8"
"EC__","TDC8","0xC8","0","8"
"EC__","TDC9","0xC9","0","8"
"EC__","TDCA","0xCA","0","8"
"EC__","TDCB","0xCB","0","8"
"EC__","TDCC","0xCC","0","8"
"EC__","TDCD","0xCD","0","8"
"EC__","TDCE","0xCE","0","8"
"EC__","TDCF","0xCF","0","8"
"EC__","TDE0","0xE0","0","8"
"EC__","TDE3","0xE3","0","8"
"EC__","TE40","0xE4","0","3"
"EC__","TE43","0xE4","3","5"
"EC__","TDE5","0xE5","0","8"
"EC__","TDE6","0xE6","0","8"
"EC__","TDE7","0xE7","0","8"
"EC__","TDE8","0xE8","0","8"
"EC__","TDE9","0xE9","0","8"
"EC__","TDED","0xED","0","8"
"EC__","TDEE","0xEE","0","8"
"EC__","TDF0","0xF0","0","8"
"EC__","TDF1","0xF1","0","8"
"EC__","TDF2","0xF2","0","8"
"EC__","TDF3","0xF3","0","8"
"EC__","TDF4","0xF4","0","8"
"EC__","TDF5","0xF5","0","8"
"EC__","TDF6","0xF6","0","8"
"EC__","TDF7","0xF7","0","8"
"EC__","TDF8","0xF8","0","8"
"EC__","TDF9","0xF9","0","8"
"EC__","TDFA","0xFA","0","8"
"EC__","TDFB","0xFB","0","8"
"EC__","TDFC","0xFC","0","8"
"EC__","TDFD","0xFD","0","8"
"EC__","TDFE","0xFE","0","8"
"EC__","TDFF","0xFF","0","8"
