"time","MSI_AP[0]","MSI_AP[1]","MSI_AP[2]","MSI_AP[3]","MSI_AP[4]","MSI_AP[5]","MSI_AP[6]","MSI_AP[7]","MSI_Device[0]","MSI_Device[1]","MSI_Device[2]","MSI_Device[3]","MSI_System[0]","MSI_System[1]","MSI_System[2]","MSI_System[3]","MSI_System[4]","MSI_System[5]","MSI_System[6]","MSI_System[7]","MSI_System[8]","MSI_System[9]","MSI_System[10]","MSI_System[11]","MSI_System[12]","MSI_System[13]","MSI_System[14]","MSI_System[15]","MSI_System[16]","MSI_System[17]","MSI_System[18]","MSI_System[19]","MSI_System[20]","MSI_Power[0]","MSI_Power[1]","MSI_Power[2]","MSI_CPU[0]","MSI_CPU[1]","MSI_CPU[2]","MSI_CPU[3]","MSI_CPU[4]","MSI_CPU[5]","MSI_CPU[6]","MSI_CPU[7]","MSI_CPU[8]","MSI_CPU[9]","MSI_CPU[10]","MSI_CPU[11]","MSI_CPU[12]","MSI_CPU[13]","MSI_CPU[14]","MSI_CPU[15]","MSI_CPU[16]","MSI_CPU[17]","MSI_CPU[18]","MSI_VGA[0]","MSI_VGA[1]","MSI_VGA[2]","MSI_VGA[3]","MSI_VGA[4]","MSI_VGA[5]","MSI_VGA[6]","MSI_VGA[7]","MSI_VGA[8]","MSI_VGA[9]","MSI_VGA[10]","MSI_VGA[11]","MSI_VGA[12]","MSI_VGA[13]","MSI_VGA[14]","MSI_VGA[15]","MSI_VGA[16]","MSI_VGA[17]"
"02:16:08","0","20","137","0","0","0","47","0","73","11","128","192","0","2","0","0","0","0","0","128","2","12","0","3","0","0","0","0","0","0","0","226","0","3","184","13","13","60","50","100","0","60","65","70","75","75","75","0","50","56","66","76","76","76","0","13","0","0","100","0","55","60","65","70","75","75","0","50","56","66","76","86","86"
"02:16:09","0","20","138","0","0","0","38","0","73","11","128","192","0","2","0","0","0","0","0","128","2","12","0","3","0","0","0","0","0","0","0","226","0","3","184","13","13","52","50","100","0","60","65","70","75","75","75","0","50","56","66","76","76","76","0","13","0","0","100","0","55","60","65","70","75","75","0","50","56","66","76","86","86"
"02:16:10","0","20","137","0","0","0","42","0","73","11","128","192","0","2","0","0","0","0","0","128","2","12","0","3","0","0","0","0","0","0","0","226","0","3","184","13","13","54","50","100","0","60","65","70","75","75","75","0","50","56","66","76","76","76","0","13","0","0","100","0","55","60","65","70","75","75","0","50","56","66","76","86","86"
"02:16:11","0","20","137","0","0","0","54","0","73","11","128","192","0","2","0","0","0","0","0","128","2","12","0","3","0","0","0","0","0","0","0","226","0","3","184","13","13","57","50","100","0","60","65","70","75","75","75","0","50","56","66","76","76","76","0","13","0","0","100","0","55","60","65","70","75","75","0","50","56","66","76","86","86"
"02:16:12","0","20","138","0","0","0","56","0","73","11","128","192","0","2","0","0","0","0","0","128","2","12","0","3","0","0","0","0","0","0","0","226","0","3","184","13","13","53","50","100","0","60","65","70","75","75","75","0","50","56","66","76","76","76","0","13","0","0","100","0","55","60","65","70","75","75","0","50","56","66","76","86","86"
"02:16:13","0","20","137","0","0","0","47","0","73","11","128","192","0","2","0","0","0","0","0","128","2","12","0","3","0","0","0","0","0","0","0","226","0","3","184","13","13","52","50","100","0","60","65","70","75","75","75","0","50","56","66","76","76","76","0","13","0","0","100","0","55","60","65","70","75","75","0","50","56","66","76","86","86"
"02:16:14","0","20","137","0","0","0","58","0","73","11","128","192","0","2","0","0","0","0","0","128","2","12","0","3","0","0","0","0","0","0","0","226","0","3","184","13","13","52","50","100","0","60","65","70","75","75","75","0","50","56","66","76","76","76","0","13","0","0","100","0","55","60","65","70","75","75","0","50","56","66","76","86","86"
"02:16:15","0","20","138","0","0","0","38","0","73","11","128","192","0","2","0","0","0","0","0","128","2","12","0","3","0","0","0","0","0","0","0","226","0","3","184","13","13","51","50","100","0","60","65","70","75","75","75","0","50","56","66","76","76","76","0","13","0","0","100","0","55","60","65","70","75","75","0","50","56","66","76","86","86"
"02:16:16","0","20","137","0","0","0","38","0","73","11","128","192","0","2","0","0","0","0","0","128","2","12","0","3","0","0","0","0","0","0","0","226","0","3","184","13","13","50","50","100","0","60","65","70","75","75","75","0","50","56","66","76","76","76","0","13","0","0","100","0","55","60","65","70","75","75","0","50","56","66","76","86","86"
"02:16:17","0","20","138","0","0","0","42","0","73","11","128","192","0","2","0","0","0","0","0","128","2","12","0","3","0","0","0","0","0","0","0","226","0","3","184","13","13","51","50","100","0","60","65","70","75","75","75","0","50","56","66","76","76","76","0","13","0","0","100","0","55","60","65","70","75","75","0","50","56","66","76","86","86"
"02:16:18","0","20","138","0","0","0","46","0","73","11","128","192","0","2","0","0","0","0","0","128","2","12","0","3","0","0","0","0","0","0","0","226","0","3","184","13","13","49","50","100","0","60","65","70","75","75","75","0","50","56","66","76","76","76","0","13","0","0","100","0","55","60","65","70","75","75","0","50","56","66","76","86","86"
"02:16:19","0","20","137","0","0","0","42","0","73","11","128","192","0","2","0","0","0","0","0","128","2","12","0","3","0","0","0","0","0","0","0","226","0","3","184","13","13","53","50","100","0","60","65","70","75","75","75","0","50","56","66","76","76","76","0","13","0","0","100","0","55","60","65","70","75","75","0","50","56","66","76","86","86"
"02:16:20","0","20","137","0","0","0","40","0","73","11","128","192","0","2","0","0","0","0","0","128","2","12","0","3","0","0","0","0","0","0","0","226","0","3","184","13","13","50","50","100","0","60","65","70","75","75","75","0","50","56","66","76","76","76","0","13","0","0","100","0","55","60","65","70","75","75","0","50","56","66","76","86","86"
"02:16:21","0","20","137","0","0","0","39","0","73","11","128","192","0","2","0","0","0","0","0","128","2","12","0","3","0","0","0","0","0","0","0","226","0","3","184","13","13","49","50","100","0","60","65","70","75","75","75","0","50","56","66","76","76","76","0","13","0","0","100","0","55","60","65","70","75","75","0","50","56","66","76","86","86"
"02:16:22","0","20","138","0","0","0","43","0","73","11","128","192","0","2","0","0","0","0","0","128","2","12","0","3","0","0","0","0","0","0","0","226","0","3","184","13","13","48","50","100","0","60","65","70","75","75","75","0","50","56","66","76","76","76","0","13","0","0","100","0","55","60","65","70","75","75","0","50","56","66","76","86","86"
"02:16:23","0","20","137","0","0","0","48","0","73","11","128","192","0","2","0","0","0","0","0","128","2","12","0","3","0","0","0","0","0","0","0","226","0","3","184","13","13","48","50","100","0","60","65","70","75","75","75","0","50","56","66","76","76","76","0","13","0","0","100","0","55","60","65","70","75","75","0","50","56","66","76","86","86"
"02:16:25","0","20","138","0","0","0","56","0","73","11","128","192","0","2","0","0","0","0","0","128","2","12","0","3","0","0","0","0","0","0","0","226","0","3","184","13","13","48","50","100","0","60","65","70","75","75","75","0","50","56","66","76","76","76","0","13","0","0","100","0","55","60","65","70","75","75","0","50","56","66","76","86","86"
"02:16:26","0","20","138","0","0","0","61","0","73","11","128","192","0","2","0","0","0","0","0","128","2","12","0","3","0","0","0","0","0","0","0","226","0","3","184","13","13","54","50","100","0","60","65","70","75","75","75","0","50","56","66","76","76","76","0","13","0","0","100","0","55","60","65","70","75","75","0","50","56","66","76","86","86"
"02:16:27","0","20","138","0","0","0","40","0","73","11","128","192","0","2","0","0","0","0","0","128","2","12","0","3","0","0","0","0","0","0","0","226","0","3","184","13","13","48","50","100","0","60","65","70","75","75","75","0","50","56","66","76","76","76","0","13","0","0","100","0","55","60","65","70","75","75","0","50","56","66","76","86","86"
"02:16:28","0","20","138","0","0","0","48","0","73","11","128","192","0","2","0","0","0","0","0","128","2","12","0","3","0","0","0","0","0","0","0","226","0","3","184","13","13","48","50","100","0","60","65","70","75","75","75","0","50","56","66","76","76","76","0","13","0","0","100","0","55","60","65","70","75","75","0","50","56","66","76","86","86"
"02:16:29","0","20","138","0","0","0","45","0","73","11","128","192","0","2","0","0","0","0","0","128","2","12","0","3","0","0","0","0","0","0","0","226","0","3","184","13","13","47","50","100","0","60","65","70","75","75","75","0","50","56","66","76","76","76","0","13","0","0","100","0","55","60","65","70","75","75","0","50","56","66","76","86","86"
"02:16:30","0","20","138","0","0","0","41","0","73","11","128","192","0","2","0","0","0","0","0","128","2","12","0","3","0","0","0","0","0","0","0","226","0","3","184","13","13","48","50","100","0","60","65","70","75","75","75","0","50","56","66","76","76","76","0","13","0","0","100","0","55","60","65","70","75","75","0","50","56","66","76","86","86"
"02:16:31","0","20","138","0","0","0","39","0","73","11","128","192","0","2","0","0","0","0","0","128","2","12","0","3","0","0","0","0","0","0","0","226","0","3","184","13","13","47","50","100","0","60","65","70","75","75","75","0","50","56","66","76","76","76","0","13","0","0","100","0","55","60","65","70","75","75","0","50","56","66","76","86","86"
"02:16:32","0","20","137","0","0","0","55","0","73","11","128","192","0","2","0","0","0","0","0","128","2","12","0","3","0","0","0","0","0","0","0","226","0","3","184","13","13","47","50","100","0","60","65","70","75","75","75","0","50","56","66","76","76","76","0","13","0","0","100","0","55","60","65","70","75","75","0","50","56","66","76","86","86"
"02:16:33","0","20","137","0","0","0","39","0","73","11","128","192","0","2","0","0","0","0","0","128","2","12","0","3","0","0","0","0","0","0","0","226","0","3","184","13","13","47","50","100","0","60","65","70","75","75","75","0","50","56","66","76","76","76","0","13","0","0","100","0","55","60","65","70","75","75","0","50","56","66","76","86","86"
"02:16:34","0","20","138","0","0","0","51","0","73","11","128","192","0","2","0","0","0","0","0","128","2","12","0","3","0","0","0","0","0","0","0","226","0","3","184","13","13","47","50","100","0","60","65","70","75","75","75","0","50","56","66","76","76","76","0","13","0","0","100","0","55","60","65","70","75","75","0","50","56","66","76","86","86"
"02:16:35","0","20","137","0","0","0","41","0","73","11","128","192","0","2","0","0","0","0","0","128","2","12","0","3","0","0","0","0","0","0","0","226","0","3","184","13","13","47","50","100","0","60","65","70","75","75","75","0","50","56","66","76","76","76","0","13","0","0","100","0","55","60","65","70","75","75","0","50","56","66","76","86","86"
"02:16:36","0","20","137","0","0","0","32","0","73","11","128","192","0","2","0","0","0","0","0","128","2","12","0","3","0","0","0","0","0","0","0","226","0","3","184","13","13","47","50","100","0","60","65","70","75","75","75","0","50","56","66","76","76","76","0","13","0","0","100","0","55","60","65","70","75","75","0","50","56","66","76","86","86"
"02:16:37","0","20","138","0","0","0","39","0","73","11","128","192","0","2","0","0","0","0","0","128","2","12","0","3","0","0","0","0","0","0","0","226","0","3","184","13","13","47","50","100","0","60","65","70","75","75","75","0","50","56","66","76","76","76","0","13","0","0","100","0","55","60","65","70","75","75","0","50","56","66","76","86","86"
"02:16:38","0","20","137","0","0","0","36","0","73","11","128","192","0","2","0","0","0","0","0","128","2","12","0","3","0","0","0","0","0","0","0","226","0","3","184","13","13","47","50","100","0","60","65","70","75","75","75","0","50","56","66","76","76","76","0","13","0","0","100","0","55","60","65","70","75","75","0","50","56","66","76","86","86"
"02:16:39","0","20","138","0","0","0","39","0","73","11","128","192","0","2","0","0","0","0","0","128","2","12","0","3","0","0","0","0","0","0","0","226","0","3","184","13","13","48","50","100","0","60","65","70","75","75","75","0","50","56","66","76","76","76","0","13","0","0","100","0","55","60","65","70","75","75","0","50","56","66","76","86","86"
"02:16:40","0","20","138","0","0","0","39","0","73","11","128","192","0","2","0","0","0","0","0","128","2","12","0","3","0","0","0","0","0","0","0","226","0","3","184","13","13","49","50","100","0","60","65","70","75","75","75","0","50","56","66","76","76","76","0","13","0","0","100","0","55","60","65","70","75","75","0","50","56","66","76","86","86"
"02:16:41","0","20","138","0","0","0","52","0","73","11","128","192","0","2","0","0","0","0","0","128","2","12","0","3","0","0","0","0","0","0","0","226","0","3","184","13","13","47","50","100","0","60","65","70","75","75","75","0","50","56","66","76","76","76","0","13","0","0","100","0","55","60","65","70","75","75","0","50","56","66","76","86","86"
"02:16:42","0","20","138","0","0","0","48","0","73","11","128","192","0","2","0","0","0","0","0","128","2","12","0","3","0","0","0","0","0","0","0","226","0","3","184","13","13","47","50","100","0","60","65","70","75","75","75","0","50","56","66","76","76","76","0","13","0","0","100","0","55","60","65","70","75","75","0","50","56","66","76","86","86"
"02:16:43","0","20","137","0","0","0","34","0","73","11","128","192","0","2","0","0","0","0","0","128","2","12","0","3","0","0","0","0","0","0","0","226","0","3","184","13","13","47","50","100","0","60","65","70","75","75","75","0","50","56","66","76","76","76","0","13","0","0","100","0","55","60","65","70","75","75","0","50","56","66","76","86","86"
"02:16:44","0","20","138","0","0","0","36","0","73","11","128","192","0","2","0","0","0","0","0","128","2","12","0","3","0","0","0","0","0","0","0","226","0","3","184","13","13","47","50","100","0","60","65","70","75","75","75","0","50","56","66","76","76","76","0","13","0","0","100","0","55","60","65","70","75","75","0","50","56","66","76","86","86"
"02:16:45","0","20","137","0","0","0","48","0","73","11","128","192","0","2","0","0","0","0","0","128","2","12","0","3","0","0","0","0","0","0","0","226","0","3","184","13","13","46","50","100","0","60","65","70","75","75","75","0","50","56","66","76","76","76","0","13","0","0","100","0","55","60","65","70","75","75","0","50","56","66","76","86","86"
"02:16:46","0","20","138","0","0","0","46","0","73","11","128","192","0","2","0","0","0","0","0","128","2","12","0","3","0","0","0","0","0","0","0","226","0","3","184","13","13","46","50","100","0","60","65","70","75","75","75","0","50","56","66","76","76","76","0","13","0","0","100","0","55","60","65","70","75","75","0","50","56","66","76","86","86"
"02:16:47","0","20","138","0","0","0","44","0","73","11","128","192","0","2","0","0","0","0","0","128","2","12","0","3","0","0","0","0","0","0","0","226","0","3","184","13","13","46","50","100","0","60","65","70","75","75","75","0","50","56","66","76","76","76","0","13","0","0","100","0","55","60","65","70","75","75","0","50","56","66","76","86","86"
"02:16:48","0","20","138","0","0","0","37","0","73","11","128","192","0","2","0","0","0","0","0","128","2","12","0","3","0","0","0","0","0","0","0","226","0","3","184","13","13","47","50","100","0","60","65","70","75","75","75","0","50","56","66","76","76","76","0","13","0","0","100","0","55","60","65","70","75","75","0","50","56","66","76","86","86"
"02:16:49","0","20","129","0","0","0","65","0","73","11","128","192","0","2","0","0","0","0","0","128","2","12","0","3","0","0","0","0","0","0","0","226","0","3","184","13","13","54","50","100","0","60","65","70","75","75","75","0","50","56","66","76","76","76","0","13","0","0","100","0","55","60","65","70","75","75","0","50","56","66","76","86","86"
"02:16:50","0","20","122","0","0","0","39","0","73","11","128","192","0","2","0","0","0","0","0","128","2","12","0","3","0","0","0","0","0","0","0","226","0","3","184","13","13","54","50","100","0","60","65","70","75","75","75","0","50","56","66","76","76","76","0","13","0","0","100","0","55","60","65","70","75","75","0","50","56","66","76","86","86"
"02:16:51","0","20","115","0","0","0","39","0","73","11","128","192","0","2","0","0","0","0","0","128","2","12","0","3","0","0","0","0","0","0","0","226","0","3","184","13","13","48","50","100","0","60","65","70","75","75","75","0","50","56","66","76","76","76","0","13","0","0","100","0","55","60","65","70","75","75","0","50","56","66","76","86","86"
"02:16:52","0","20","109","0","0","0","47","0","73","11","128","192","0","2","0","0","0","0","0","128","2","12","0","3","0","0","0","0","0","0","0","226","0","3","184","13","13","47","50","100","0","60","65","70","75","75","75","0","50","56","66","76","76","76","0","13","0","0","100","0","55","60","65","70","75","75","0","50","56","66","76","86","86"
"02:16:53","0","20","104","0","0","0","47","0","73","11","128","192","0","2","0","0","0","0","0","128","2","12","0","3","0","0","0","0","0","0","0","226","0","3","184","13","13","54","50","100","0","60","65","70","75","75","75","0","50","56","66","76","76","76","0","13","0","0","100","0","55","60","65","70","75","75","0","50","56","66","76","86","86"
"02:16:54","0","20","99","0","0","0","46","0","73","11","128","192","0","2","0","0","0","0","0","128","2","12","0","3","0","0","0","0","0","0","0","226","0","3","184","13","13","52","50","100","0","60","65","70","75","75","75","0","50","56","66","76","76","76","0","13","0","0","100","0","55","60","65","70","75","75","0","50","56","66","76","86","86"
"02:16:55","0","20","95","0","0","0","43","0","73","11","128","192","0","2","0","0","0","0","0","128","2","12","0","3","0","0","0","0","0","0","0","226","0","3","184","13","13","49","50","100","0","60","65","70","75","75","75","0","50","56","66","76","76","76","0","13","0","0","100","0","55","60","65","70","75","75","0","50","56","66","76","86","86"
"02:16:56","0","20","91","0","0","0","38","0","73","11","128","192","0","2","0","0","0","0","0","128","2","12","0","3","0","0","0","0","0","0","0","226","0","3","184","13","13","49","50","100","0","60","65","70","75","75","75","0","50","56","66","76","76","76","0","13","0","0","100","0","55","60","65","70","75","75","0","50","56","66","76","86","86"
"02:16:57","0","20","88","0","0","0","40","0","73","11","128","192","0","2","0","0","0","0","0","128","2","12","0","3","0","0","0","0","0","0","0","226","0","3","184","13","13","47","50","100","0","60","65","70","75","75","75","0","50","56","66","76","76","76","0","13","0","0","100","0","55","60","65","70","75","75","0","50","56","66","76","86","86"
"02:16:58","0","20","85","0","0","0","40","0","73","11","128","192","0","2","0","0","0","0","0","128","2","12","0","3","0","0","0","0","0","0","0","226","0","3","184","13","13","47","50","100","0","60","65","70","75","75","75","0","50","56","66","76","76","76","0","13","0","0","100","0","55","60","65","70","75","75","0","50","56","66","76","86","86"
"02:16:59","0","20","83","0","0","0","57","0","73","11","128","192","0","2","0","0","0","0","0","128","2","12","0","3","0","0","0","0","0","0","0","226","0","3","184","13","13","47","50","100","0","60","65","70","75","75","75","0","50","56","66","76","76","76","0","13","0","0","100","0","55","60","65","70","75","75","0","50","56","66","76","86","86"
"02:17:00","0","20","80","0","0","0","58","0","73","11","128","192","0","2","0","0","0","0","0","128","2","12","0","3","0","0","0","0","0","0","0","226","0","3","184","13","13","47","50","100","0","60","65","70","75","75","75","0","50","56","66","76","76","76","0","13","0","0","100","0","55","60","65","70","75","75","0","50","56","66","76","86","86"
"02:17:01","0","20","78","0","0","0","42","0","73","11","128","192","0","2","0","0","0","0","0","128","2","12","0","3","0","0","0","0","0","0","0","226","0","3","184","13","13","47","50","100","0","60","65","70","75","75","75","0","50","56","66","76","76","76","0","13","0","0","100","0","55","60","65","70","75","75","0","50","56","66","76","86","86"
"02:17:02","0","20","76","0","0","0","40","0","73","11","128","192","0","2","0","0","0","0","0","128","2","12","0","3","0","0","0","0","0","0","0","226","0","3","184","13","13","48","50","100","0","60","65","70","75","75","75","0","50","56","66","76","76","76","0","13","0","0","100","0","55","60","65","70","75","75","0","50","56","66","76","86","86"
"02:17:03","0","20","77","0","0","0","57","0","73","11","128","192","0","2","0","0","0","0","0","128","2","12","0","3","0","0","0","0","0","0","0","226","0","3","184","13","13","46","50","100","0","60","65","70","75","75","75","0","50","56","66","76","76","76","0","13","0","0","100","0","55","60","65","70","75","75","0","50","56","66","76","86","86"
"02:17:04","0","20","77","0","0","0","48","0","73","11","128","192","0","2","0","0","0","0","0","128","2","12","0","3","0","0","0","0","0","0","0","226","0","3","184","13","13","46","50","100","0","60","65","70","75","75","75","0","50","56","66","76","76","76","0","13","0","0","100","0","55","60","65","70","75","75","0","50","56","66","76","86","86"
"02:17:05","0","20","77","0","0","0","39","0","73","11","128","192","0","2","0","0","0","0","0","128","2","12","0","3","0","0","0","0","0","0","0","226","0","3","184","13","13","46","50","100","0","60","65","70","75","75","75","0","50","56","66","76","76","76","0","13","0","0","100","0","55","60","65","70","75","75","0","50","56","66","76","86","86"
"02:17:06","0","20","77","0","0","0","41","0","73","11","128","192","0","2","0","0","0","0","0","128","2","12","0","3","0","0","0","0","0","0","0","226","0","3","184","13","13","45","50","100","0","60","65","70","75","75","75","0","50","56","66","76","76","76","0","13","0","0","100","0","55","60","65","70","75","75","0","50","56","66","76","86","86"
"02:17:07","0","20","77","0","0","0","40","0","73","11","128","192","0","2","0","0","0","0","0","128","2","12","0","3","0","0","0","0","0","0","0","226","0","3","184","13","13","45","0","100","0","60","65","70","75","75","75","0","50","56","66","76","76","76","0","13","0","0","100","0","55","60","65","70","75","75","0","50","56","66","76","86","86"
"02:17:08","0","20","77","0","0","0","52","0","73","11","128","192","0","2","0","0","0","0","0","128","2","12","0","3","0","0","0","0","0","0","0","226","0","3","184","13","13","45","0","100","0","60","65","70","75","75","75","0","50","56","66","76","76","76","0","13","0","0","100","0","55","60","65","70","75","75","0","50","56","66","76","86","86"
"02:17:09","0","20","77","0","0","0","46","0","73","11","128","192","0","2","0","0","0","0","0","128","2","12","0","3","0","0","0","0","0","0","0","226","0","3","184","13","13","45","0","100","0","60","65","70","75","75","75","0","50","56","66","76","76","76","0","13","0","0","100","0","55","60","65","70","75","75","0","50","56","66","76","86","86"
"02:17:10","0","20","76","0","0","0","39","0","73","11","128","192","0","2","0","0","0","0","0","128","2","12","0","3","0","0","0","0","0","0","0","226","0","3","184","13","13","46","0","100","0","60","65","70","75","75","75","0","50","56","66","76","76","76","0","13","0","0","100","0","55","60","65","70","75","75","0","50","56","66","76","86","86"
"02:17:11","0","20","77","0","0","0","40","0","73","11","128","192","0","2","0","0","0","0","0","128","2","12","0","3","0","0","0","0","0","0","0","226","0","3","184","13","13","45","0","100","0","60","65","70","75","75","75","0","50","56","66","76","76","76","0","13","0","0","100","0","55","60","65","70","75","75","0","50","56","66","76","86","86"
"02:17:12","0","20","77","0","0","0","36","0","73","11","128","192","0","2","0","0","0","0","0","128","2","12","0","3","0","0","0","0","0","0","0","226","0","3","184","13","13","44","0","100","0","60","65","70","75","75","75","0","50","56","66","76","76","76","0","13","0","0","100","0","55","60","65","70","75","75","0","50","56","66","76","86","86"
"02:17:13","0","20","77","0","0","0","52","0","73","11","128","192","0","2","0","0","0","0","0","128","2","12","0","3","0","0","0","0","0","0","0","226","0","3","184","13","13","44","0","100","0","60","65","70","75","75","75","0","50","56","66","76","76","76","0","13","0","0","100","0","55","60","65","70","75","75","0","50","56","66","76","86","86"
"02:17:14","0","20","77","0","0","0","46","0","73","11","128","192","0","2","0","0","0","0","0","128","2","12","0","3","0","0","0","0","0","0","0","226","0","3","184","13","13","44","0","100","0","60","65","70","75","75","75","0","50","56","66","76","76","76","0","13","0","0","100","0","55","60","65","70","75","75","0","50","56","66","76","86","86"
"02:17:15","0","20","77","0","0","0","41","0","73","11","128","192","0","2","0","0","0","0","0","128","2","12","0","3","0","0","0","0","0","0","0","226","0","3","184","13","13","46","0","100","0","60","65","70","75","75","75","0","50","56","66","76","76","76","0","13","0","0","100","0","55","60","65","70","75","75","0","50","56","66","76","86","86"
"02:17:16","0","20","78","0","0","0","38","0","73","11","128","192","0","2","0","0","0","0","0","128","2","12","0","3","0","0","0","0","0","0","0","226","0","3","184","13","13","45","0","100","0","60","65","70","75","75","75","0","50","56","66","76","76","76","0","13","0","0","100","0","55","60","65","70","75","75","0","50","56","66","76","86","86"
"02:17:17","0","20","77","0","0","0","39","0","73","11","128","192","0","2","0","0","0","0","0","128","2","12","0","3","0","0","0","0","0","0","0","226","0","3","184","13","13","44","0","100","0","60","65","70","75","75","75","0","50","56","66","76","76","76","0","13","0","0","100","0","55","60","65","70","75","75","0","50","56","66","76","86","86"
"02:17:18","0","20","77","0","0","0","40","0","73","11","128","192","0","2","0","0","0","0","0","128","2","12","0","3","0","0","0","0","0","0","0","226","0","3","184","13","13","44","0","100","0","60","65","70","75","75","75","0","50","56","66","76","76","76","0","13","0","0","100","0","55","60","65","70","75","75","0","50","56","66","76","86","86"
"02:17:19","0","20","77","0","0","0","43","0","73","11","128","192","0","2","0","0","0","0","0","128","2","12","0","3","0","0","0","0","0","0","0","226","0","3","184","13","13","43","0","100","0","60","65","70","75","75","75","0","50","56","66","76","76","76","0","13","0","0","100","0","55","60","65","70","75","75","0","50","56","66","76","86","86"
"02:17:20","0","20","77","0","0","0","39","0","73","11","128","192","0","2","0","0","0","0","0","128","2","12","0","3","0","0","0","0","0","0","0","226","0","3","184","13","13","44","0","100","0","60","65","70","75","75","75","0","50","56","66","76","76","76","0","13","0","0","100","0","55","60","65","70","75","75","0","50","56","66","76","86","86"
"02:17:21","0","20","77","0","0","0","34","0","73","11","128","192","0","2","0","0","0","0","0","128","2","12","0","3","0","0","0","0","0","0","0","226","0","3","184","13","13","43","0","100","0","60","65","70","75","75","75","0","50","56","66","76","76","76","0","13","0","0","100","0","55","60","65","70","75","75","0","50","56","66","76","86","86"
"02:17:22","0","20","77","0","0","0","51","0","73","11","128","192","0","2","0","0","0","0","0","128","2","12","0","3","0","0","0","0","0","0","0","226","0","3","184","13","13","44","0","100","0","60","65","70","75","75","75","0","50","56","66","76","76","76","0","13","0","0","100","0","55","60","65","70","75","75","0","50","56","66","76","86","86"
"02:17:23","0","20","77","0","0","0","39","0","73","11","128","192","0","2","0","0","0","0","0","128","2","12","0","3","0","0","0","0","0","0","0","226","0","3","184","13","13","43","0","100","0","60","65","70","75","75","75","0","50","56","66","76","76","76","0","13","0","0","100","0","55","60","65","70","75","75","0","50","56","66","76","86","86"
"02:17:24","0","20","77","0","0","0","39","0","73","11","128","192","0","2","0","0","0","0","0","128","2","12","0","3","0","0","0","0","0","0","0","226","0","3","184","13","13","43","0","100","0","60","65","70","75","75","75","0","50","56","66","76","76","76","0","13","0","0","100","0","55","60","65","70","75","75","0","50","56","66","76","86","86"
"02:17:25","0","20","77","0","0","0","48","0","73","11","128","192","0","2","0","0","0","0","0","128","2","12","0","3","0","0","0","0","0","0","0","226","0","3","184","13","13","43","0","100","0","60","65","70","75","75","75","0","50","56","66","76","76","76","0","13","0","0","100","0","55","60","65","70","75","75","0","50","56","66","76","86","86"
"02:17:26","0","20","77","0","0","0","38","0","73","11","128","192","0","2","0","0","0","0","0","128","2","12","0","3","0","0","0","0","0","0","0","226","0","3","184","13","13","43","0","100","0","60","65","70","75","75","75","0","50","56","66","76","76","76","0","13","0","0","100","0","55","60","65","70","75","75","0","50","56","66","76","86","86"
"02:17:27","0","20","78","0","0","0","48","0","73","11","128","192","0","2","0","0","0","0","0","128","2","12","0","3","0","0","0","0","0","0","0","226","0","3","184","13","13","42","0","100","0","60","65","70","75","75","75","0","50","56","66","76","76","76","0","13","0","0","100","0","55","60","65","70","75","75","0","50","56","66","76","86","86"
"02:17:28","0","20","77","0","0","0","38","0","73","11","128","192","0","2","0","0","0","0","0","128","2","12","0","3","0","0","0","0","0","0","0","226","0","3","184","13","13","43","0","100","0","60","65","70","75","75","75","0","50","56","66","76","76","76","0","13","0","0","100","0","55","60","65","70","75","75","0","50","56","66","76","86","86"
"02:17:29","0","20","77","0","0","0","47","0","73","11","128","192","0","2","0","0","0","0","0","128","2","12","0","3","0","0","0","0","0","0","0","226","0","3","184","13","13","45","0","100","0","60","65","70","75","75","75","0","50","56","66","76","76","76","0","13","0","0","100","0","55","60","65","70","75","75","0","50","56","66","76","86","86"
"02:17:30","0","20","77","0","0","0","47","0","73","11","128","192","0","2","0","0","0","0","0","128","2","12","0","3","0","0","0","0","0","0","0","226","0","3","184","13","13","43","0","100","0","60","65","70","75","75","75","0","50","56","66","76","76","76","0","13","0","0","100","0","55","60","65","70","75","75","0","50","56","66","76","86","86"
"02:17:31","0","20","77","0","0","0","51","0","73","11","128","192","0","2","0","0","0","0","0","128","2","12","0","3","0","0","0","0","0","0","0","226","0","3","184","13","13","42","0","100","0","60","65","70","75","75","75","0","50","56","66","76","76","76","0","13","0","0","100","0","55","60","65","70","75","75","0","50","56","66","76","86","86"
"02:17:32","0","20","77","0","0","0","57","0","73","11","128","192","0","2","0","0","0","0","0","128","2","12","0","3","0","0","0","0","0","0","0","226","0","3","184","13","13","43","0","100","0","60","65","70","75","75","75","0","50","56","66","76","76","76","0","13","0","0","100","0","55","60","65","70","75","75","0","50","56","66","76","86","86"
"02:17:33","0","20","77","0","0","0","43","0","73","11","128","192","0","2","0","0","0","0","0","128","2","12","0","3","0","0","0","0","0","0","0","226","0","3","184","13","13","42","0","100","0","60","65","70","75","75","75","0","50","56","66","76","76","76","0","13","0","0","100","0","55","60","65","70","75","75","0","50","56","66","76","86","86"
"02:17:34","0","20","77","0","0","0","61","0","73","11","128","192","0","2","0","0","0","0","0","128","2","12","0","3","0","0","0","0","0","0","0","226","0","3","184","13","13","43","0","100","0","60","65","70","75","75","75","0","50","56","66","76","76","76","0","13","0","0","100","0","55","60","65","70","75","75","0","50","56","66","76","86","86"
"02:17:35","0","20","77","0","0","0","59","0","73","11","128","192","0","2","0","0","0","0","0","128","2","12","0","3","0","0","0","0","0","0","0","226","0","3","184","13","13","42","0","100","0","60","65","70","75","75","75","0","50","56","66","76","76","76","0","13","0","0","100","0","55","60","65","70","75","75","0","50","56","66","76","86","86"
"02:17:36","0","20","77","0","0","0","37","0","73","11","128","192","0","2","0","0","0","0","0","128","2","12","0","3","0","0","0","0","0","0","0","226","0","3","184","13","13","43","0","100","0","60","65","70","75","75","75","0","50","56","66","76","76","76","0","13","0","0","100","0","55","60","65","70","75","75","0","50","56","66","76","86","86"
"02:17:37","0","20","77","0","0","0","39","0","73","11","128","192","0","2","0","0","0","0","0","128","2","12","0","3","0","0","0","0","0","0","0","226","0","3","184","13","13","44","0","100","0","60","65","70","75","75","75","0","50","56","66","76","76","76","0","13","0","0","100","0","55","60","65","70","75","75","0","50","56","66","76","86","86"
"02:17:38","0","20","77","0","0","0","47","0","73","11","128","192","0","2","0","0","0","0","0","128","2","12","0","3","0","0","0","0","0","0","0","226","0","3","184","13","13","43","0","100","0","60","65","70","75","75","75","0","50","56","66","76","76","76","0","13","0","0","100","0","55","60","65","70","75","75","0","50","56","66","76","86","86"
